{
  "high-reuse": {
    "STATELESS_HASH_SPLITMIX": {
      "sample_rate_allocs": {
        "mean": 0.0050994,
        "std": 0.0036108969707447113,
        "min": 0.0,
        "max": 0.013467,
        "p50": 0.004562999999999999,
        "p95": 0.015825899999999997,
        "p99": 0.01813238,
        "count": 10
      },
      "sample_rate_bytes": {
        "mean": 0.0062778,
        "std": 0.004585386807868861,
        "min": 0.0,
        "max": 0.017427,
        "p50": 0.0056145,
        "p95": 0.021625500000000002,
        "p99": 0.025730700000000006,
        "count": 10
      },
      "dead_zone_rate": {
        "mean": 0.1,
        "std": 0.31622776601683794,
        "min": 0.0,
        "max": 1.0,
        "p50": 0.0,
        "p95": 1.45,
        "p99": 1.89,
        "count": 10
      },
      "total_allocs": {
        "mean": 9862,
        "std": 14.757295747452437,
        "min": 9848,
        "max": 9876,
        "p50": 9862.0,
        "p95": 9876.0,
        "p99": 9876.0,
        "count": 10
      },
      "sampled_allocs": {
        "mean": 50.3,
        "std": 35.655917383296206,
        "min": 0,
        "max": 133,
        "p50": 45.0,
        "p95": 156.4,
        "p99": 179.28,
        "count": 10
      },
      "runs": 10
    },
    "STATELESS_HASH_XOR": {
      "sample_rate_allocs": {
        "mean": 0.0053112,
        "std": 0.004571545952957271,
        "min": 0.0,
        "max": 0.01178,
        "p50": 0.0055344999999999995,
        "p95": 0.011962700000000001,
        "p99": 0.01214134,
        "count": 10
      },
      "sample_rate_bytes": {
        "mean": 0.0045036,
        "std": 0.005541485484757474,
        "min": 0.0,
        "max": 0.01687,
        "p50": 0.002818,
        "p95": 0.0201595,
        "p99": 0.023375899999999995,
        "count": 10
      },
      "dead_zone_rate": {
        "mean": 0.3,
        "std": 0.48304589153964794,
        "min": 0.0,
        "max": 1.0,
        "p50": 0.0,
        "p95": 1.0,
        "p99": 1.0,
        "count": 10
      },
      "total_allocs": {
        "mean": 9847.5,
        "std": 0.5270462766947299,
        "min": 9847,
        "max": 9848,
        "p50": 9847.5,
        "p95": 9848.0,
        "p99": 9848.0,
        "count": 10
      },
      "sampled_allocs": {
        "mean": 52.3,
        "std": 45.01616993431978,
        "min": 0,
        "max": 116,
        "p50": 54.5,
        "p95": 117.8,
        "p99": 119.56,
        "count": 10
      },
      "runs": 10
    },
    "STATELESS_POISSON_BERNOULLI": {
      "sample_rate_allocs": {
        "mean": 0.0325487,
        "std": 0.0017001775103402204,
        "min": 0.030478,
        "max": 0.035236,
        "p50": 0.032548999999999995,
        "p95": 0.03532690000000001,
        "p99": 0.03541578,
        "count": 10
      },
      "sample_rate_bytes": {
        "mean": 0.0447506,
        "std": 0.0036671036466884264,
        "min": 0.038172,
        "max": 0.051627,
        "p50": 0.044362,
        "p95": 0.053589,
        "p99": 0.05550739999999999,
        "count": 10
      },
      "dead_zone_rate": {
        "mean": 0.0,
        "std": 0.0,
        "min": 0.0,
        "max": 0.0,
        "p50": 0.0,
        "p95": 0.0,
        "p99": 0.0,
        "count": 10
      },
      "total_allocs": {
        "mean": 9862,
        "std": 14.757295747452437,
        "min": 9848,
        "max": 9876,
        "p50": 9862.0,
        "p95": 9876.0,
        "p99": 9876.0,
        "count": 10
      },
      "sampled_allocs": {
        "mean": 321,
        "std": 16.87206764645835,
        "min": 301,
        "max": 347,
        "p50": 321.0,
        "p95": 347.45,
        "p99": 347.89,
        "count": 10
      },
      "runs": 10
    },
    "STATELESS_HASH_MURMURISH": {
      "sample_rate_allocs": {
        "mean": 0.0032854,
        "std": 0.0024170375899251364,
        "min": 0.0,
        "max": 0.006803,
        "p50": 0.0033415,
        "p95": 0.007176049999999999,
        "p99": 0.007540810000000001,
        "count": 10
      },
      "sample_rate_bytes": {
        "mean": 0.0044897,
        "std": 0.003756522684315613,
        "min": 0.0,
        "max": 0.009736,
        "p50": 0.0049635,
        "p95": 0.0097909,
        "p99": 0.00984458,
        "count": 10
      },
      "dead_zone_rate": {
        "mean": 0.2,
        "std": 0.4216370213557839,
        "min": 0.0,
        "max": 1.0,
        "p50": 0.0,
        "p95": 1.0,
        "p99": 1.0,
        "count": 10
      },
      "total_allocs": {
        "mean": 9862,
        "std": 14.757295747452437,
        "min": 9848,
        "max": 9876,
        "p50": 9862.0,
        "p95": 9876.0,
        "p99": 9876.0,
        "count": 10
      },
      "sampled_allocs": {
        "mean": 32.4,
        "std": 23.81969306640574,
        "min": 0,
        "max": 67,
        "p50": 33.0,
        "p95": 70.6,
        "p99": 74.12,
        "count": 10
      },
      "runs": 10
    }
  },
  "monotonic": {
    "STATELESS_HASH_SPLITMIX": {
      "sample_rate_allocs": {
        "mean": 0.0038584,
        "std": 0.0008352193590774687,
        "min": 0.002799,
        "max": 0.005698,
        "p50": 0.003798,
        "p95": 0.006193,
        "p99": 0.006677,
        "count": 10
      },
      "sample_rate_bytes": {
        "mean": 0.0038925,
        "std": 0.0006206019031732196,
        "min": 0.003075,
        "max": 0.004949,
        "p50": 0.0039085,
        "p95": 0.0051254000000000004,
        "p99": 0.00529788,
        "count": 10
      },
      "dead_zone_rate": {
        "mean": 0.0,
        "std": 0.0,
        "min": 0.0,
        "max": 0.0,
        "p50": 0.0,
        "p95": 0.0,
        "p99": 0.0,
        "count": 10
      },
      "total_allocs": {
        "mean": 10004,
        "std": 0.0,
        "min": 10004,
        "max": 10004,
        "p50": 10004.0,
        "p95": 10004.0,
        "p99": 10004.0,
        "count": 10
      },
      "sampled_allocs": {
        "mean": 38.6,
        "std": 8.355969256897863,
        "min": 28,
        "max": 57,
        "p50": 38.0,
        "p95": 61.95,
        "p99": 66.79,
        "count": 10
      },
      "runs": 10
    },
    "STATELESS_HASH_XOR": {
      "sample_rate_allocs": {
        "mean": 0.0042983,
        "std": 0.0009209175436607895,
        "min": 0.002899,
        "max": 0.005298,
        "p50": 0.004698,
        "p95": 0.005343,
        "p99": 0.005386999999999999,
        "count": 10
      },
      "sample_rate_bytes": {
        "mean": 0.0042999,
        "std": 0.0008853963895717368,
        "min": 0.0032,
        "max": 0.005373,
        "p50": 0.0045755,
        "p95": 0.005445900000000001,
        "p99": 0.00551718,
        "count": 10
      },
      "dead_zone_rate": {
        "mean": 0.0,
        "std": 0.0,
        "min": 0.0,
        "max": 0.0,
        "p50": 0.0,
        "p95": 0.0,
        "p99": 0.0,
        "count": 10
      },
      "total_allocs": {
        "mean": 10004,
        "std": 0.0,
        "min": 10004,
        "max": 10004,
        "p50": 10004.0,
        "p95": 10004.0,
        "p99": 10004.0,
        "count": 10
      },
      "sampled_allocs": {
        "mean": 43,
        "std": 9.213516640723503,
        "min": 29,
        "max": 53,
        "p50": 47.0,
        "p95": 53.45,
        "p99": 53.89,
        "count": 10
      },
      "runs": 10
    },
    "STATELESS_POISSON_BERNOULLI": {
      "sample_rate_allocs": {
        "mean": 0.3677628,
        "std": 0.0026758435762287073,
        "min": 0.363854,
        "max": 0.371951,
        "p50": 0.367303,
        "p95": 0.37249055,
        "p99": 0.37301810999999996,
        "count": 10
      },
      "sample_rate_bytes": {
        "mean": 0.4727853,
        "std": 0.0027025565694562444,
        "min": 0.470633,
        "max": 0.479678,
        "p50": 0.472013,
        "p95": 0.48200855000000004,
        "p99": 0.48428730999999997,
        "count": 10
      },
      "dead_zone_rate": {
        "mean": 0.0,
        "std": 0.0,
        "min": 0.0,