{
  "high-reuse": {
    "SAMPLE_HEADERS_EBPF_INSPIRED": {
      "sample_rate_allocs": {
        "mean": 0.0330955,
        "std": 0.0007099313347078016,
        "min": 0.032422,
        "max": 0.033769,
        "p50": 0.0330955,
        "p95": 0.033769,
        "p99": 0.033769,
        "count": 10
      },
      "sample_rate_bytes": {
        "mean": 0.0461475,
        "std": 0.002085522116881047,
        "min": 0.044169,
        "max": 0.048126,
        "p50": 0.0461475,
        "p95": 0.048125999999999995,
        "p99": 0.04812600000000001,
        "count": 10
      },
      "dead_zone_rate": {
        "mean": 0.0,
        "std": 0.0,
        "min": 0.0,
        "max": 0.0,
        "p50": 0.0,
        "p95": 0.0,
        "p99": 0.0,
        "count": 10
      },
      "total_allocs": {
        "mean": 9850,
        "std": 11.595018087284057,
        "min": 9839,
        "max": 9861,
        "p50": 9850.0,
        "p95": 9861.0,
        "p99": 9861.0,
        "count": 10
      },
      "sampled_allocs": {
        "mean": 326,
        "std": 7.378647873726218,
        "min": 319,
        "max": 333,
        "p50": 326.0,
        "p95": 333.0,
        "p99": 333.0,
        "count": 10
      },
      "map_peak_size": {
        "mean": 11,
        "std": 1.0540925533894598,
        "min": 10,
        "max": 12,
        "p50": 11.0,
        "p95": 12.0,
        "p99": 12.0,
        "count": 10
      },
      "map_ops_per_1k_allocs": {
        "mean": 1065.2269771698757,
        "std": 1.367912841694856,
        "min": 1063.9292611037708,
        "max": 1066.5246932359803,
        "p50": 1065.2269771698757,
        "p95": 1066.52469323598,
        "p99": 1066.5246932359803,
        "count": 10
      },
      "runs": 10
    },
    "SAMPLE_HEADERS_POISSON_MAP": {
      "sample_rate_allocs": {
        "mean": 0.0330955,
        "std": 0.0007099313347078016,
        "min": 0.032422,
        "max": 0.033769,
        "p50": 0.0330955,
        "p95": 0.033769,
        "p99": 0.033769,
        "count": 10
      },
      "sample_rate_bytes": {
        "mean": 0.0461475,
        "std": 0.002085522116881047,
        "min": 0.044169,
        "max": 0.048126,
        "p50": 0.0461475,
        "p95": 0.048125999999999995,
        "p99": 0.04812600000000001,
        "count": 10
      },
      "dead_zone_rate": {
        "mean": 0.0,
        "std": 0.0,
        "min": 0.0,
        "max": 0.0,
        "p50": 0.0,
        "p95": 0.0,
        "p99": 0.0,
        "count": 10
      },
      "total_allocs": {
        "mean": 9850,
        "std": 11.595018087284057,
        "min": 9839,
        "max": 9861,
        "p50": 9850.0,
        "p95": 9861.0,
        "p99": 9861.0,
        "count": 10
      },
      "sampled_allocs": {
        "mean": 326,
        "std": 7.378647873726218,
        "min": 319,
        "max": 333,
        "p50": 326.0,
        "p95": 333.0,
        "p99": 333.0,
        "count": 10
      },
      "map_peak_size": {
        "mean": 11,
        "std": 1.0540925533894598,
        "min": 10,
        "max": 12,
        "p50": 11.0,
        "p95": 12.0,
        "p99": 12.0,
        "count": 10
      },
      "map_ops_per_1k_allocs": {
        "mean": 1065.2269771698757,
        "std": 1.367912841694856,
        "min": 1063.9292611037708,
        "max": 1066.5246932359803,
        "p50": 1065.2269771698757,
        "p95": 1066.52469323598,
        "p99": 1066.5246932359803,
        "count": 10
      },
      "runs": 10
    },
    "SAMPLE_HEADERS_HASH_MAP": {
      "sample_rate_allocs": {
        "mean": 0.0398111,
        "std": 0.029820374174006903,
        "min": 0.000203,
        "max": 0.087009,
        "p50": 0.040056499999999995,
        "p95": 0.09652605,
        "p99": 0.10583161000000002,
        "count": 10
      },
      "sample_rate_bytes": {
        "mean": 0.0462293,
        "std": 0.034772590099578914,
        "min": 0.000664,
        "max": 0.095836,
        "p50": 0.039975,
        "p95": 0.10071355000000001,
        "p99": 0.10548271,
        "count": 10
      },
      "dead_zone_rate": {
        "mean": 0.0,
        "std": 0.0,
        "min": 0.0,
        "max": 0.0,
        "p50": 0.0,
        "p95": 0.0,
        "p99": 0.0,
        "count": 10
      },
      "total_allocs": {
        "mean": 9850,
        "std": 11.595018087284057,
        "min": 9839,
        "max": 9861,
        "p50": 9850.0,
        "p95": 9861.0,
        "p99": 9861.0,
        "count": 10
      },
      "sampled_allocs": {
        "mean": 392.2,
        "std": 293.8453107787611,
        "min": 2,
        "max": 858,
        "p50": 395.0,
        "p95": 952.5,
        "p99": 1044.9,
        "count": 10
      },
      "map_peak_size": {
        "mean": 13.5,
        "std": 6.687467549246293,
        "min": 2,
        "max": 21,
        "p50": 14.5,
        "p95": 21.45,
        "p99": 21.89,
        "count": 10
      },
      "map_ops_per_1k_allocs": {
        "mean": 1078.7999570696984,
        "std": 59.62330076524754,
        "min": 999.5934546193719,
        "max": 1173.106175844235,
        "p50": 1079.302301997769,
        "p95": 1192.095529321127,
        "p99": 1210.6628971651996,
        "count": 10
      },
      "runs": 10
    }
  },
  "monotonic": {
    "SAMPLE_HEADERS_EBPF_INSPIRED": {
      "sample_rate_allocs": {
        "mean": 0.372651,
        "std": 0.007059257830049221,
        "min": 0.365954,
        "max": 0.379348,
        "p50": 0.372651,
        "p95": 0.37934799999999996,
        "p99": 0.3793480000000001,
        "count": 10
      },
      "sample_rate_bytes": {
        "mean": 0.478935,
        "std": 0.008620368901619022,
        "min": 0.470757,
        "max": 0.487113,
        "p50": 0.478935,
        "p95": 0.487113,
        "p99": 0.487113,
        "count": 10
      },
      "dead_zone_rate": {
        "mean": 0.0,
        "std": 0.0,
        "min": 0.0,
        "max": 0.0,
        "p50": 0.0,
        "p95": 0.0,
        "p99": 0.0,
        "count": 10
      },
      "total_allocs": {
        "mean": 10004,
        "std": 0.0,
        "min": 10004,
        "max": 10004,
        "p50": 10004.0,
        "p95": 10004.0,
        "p99": 10004.0,
        "count": 10
      },
      "sampled_allocs": {
        "mean": 3728,
        "std": 70.6242010770938,
        "min": 3661,
        "max": 3795,
        "p50": 3728.0,
        "p95": 3795.0,
        "p99": 3795.0,
        "count": 10
      },
      "map_peak_size": {
        "mean": 3727.5,
        "std": 70.09715480039908,
        "min": 3661,
        "max": 3794,
        "p50": 3727.5,
        "p95": 3794.0,
        "p99": 3794.0,
        "count": 10
      },
      "map_ops_per_1k_allocs": {
        "mean": 1676.1295481807279,
        "std": 14.856762297872235,
        "min": 1662.0351859256298,
        "max": 1690.2239104358257,
        "p50": 1676.1295481807279,
        "p95": 1690.2239104358257,
        "p99": 1690.223910435826,
        "count": 10
      },
      "runs": 10
    },
    "SAMPLE_HEADERS_POISSON_MAP": {
      "sample_rate_allocs": {
        "mean": 0.372651,
        "std": 0.007059257830049221,
        "min": 0.365954,
        "max": 0.379348,
        "p50": 0.372651,
        "p95": 0.37934799999999996,
        "p99": 0.3793480000000001,
        "count": 10
      },
      "sample_rate_bytes": {
        "mean": 0.478935,
        "std": 0.008620368901619022,
        "min": 0.470757,
        "max": 0.487113,
        "p50": 0.478935,
        "p95": 0.487113,
        "p99": 0.487113,
        "count": 10
      },
      "dead_zone_rate": {
        "mean": 0.0,
        "std": 0.0,
        "min": 0.0,
        "max": 0.0,
        "p50": 0.0,
        "p95": 0.0,
        "p99": 0.0,
        "count": 10
      },
      "total_allocs": {
        "mean": 10004,
        "std": 0.0,
        "min": 10004,
        "max": 10004,
        "p50": 10004.0,
        "p95": 10004.0,
        "p99": 10004.0,
        "count": 10
      },
      "sampled_allocs": {
        "mean": 3728,