{
  "high-reuse": {
    "HEADER_POISSON_BYTES": {
      "sample_rate_allocs": {
        "mean": 0.0314295,
        "std": 0.0008047996645128529,
        "min": 0.030666,
        "max": 0.032193,
        "p50": 0.0314295,
        "p95": 0.032193,
        "p99": 0.032193,
        "count": 10
      },
      "sample_rate_bytes": {
        "mean": 0.0418255,
        "std": 0.0046037492269284655,
        "min": 0.037458,
        "max": 0.046193,
        "p50": 0.0418255,
        "p95": 0.046193,
        "p99": 0.04619300000000001,
        "count": 10
      },
      "dead_zone_rate": {
        "mean": 0.0,
        "std": 0.0,
        "min": 0.0,
        "max": 0.0,
        "p50": 0.0,
        "p95": 0.0,
        "p99": 0.0,
        "count": 10
      },
      "total_allocs": {
        "mean": 9847.5,
        "std": 0.5270462766947299,
        "min": 9847,
        "max": 9848,
        "p50": 9847.5,
        "p95": 9848.0,
        "p99": 9848.0,
        "count": 10
      },
      "sampled_allocs": {
        "mean": 309.5,
        "std": 7.905694150420948,
        "min": 302,
        "max": 317,
        "p50": 309.5,
        "p95": 317.0,
        "p99": 317.0,
        "count": 10
      },
      "runs": 10
    },
    "HEADER_HYBRID": {
      "sample_rate_allocs": {
        "mean": 0.031023000000000002,
        "std": 0.0008042726182361594,
        "min": 0.03026,
        "max": 0.031786,
        "p50": 0.031023000000000002,
        "p95": 0.031786,
        "p99": 0.03178600000000001,
        "count": 10
      },
      "sample_rate_bytes": {
        "mean": 0.0398055,
        "std": 0.0017060487976608427,
        "min": 0.038187,
        "max": 0.041424,
        "p50": 0.0398055,
        "p95": 0.041424,
        "p99": 0.041424,
        "count": 10
      },
      "dead_zone_rate": {
        "mean": 0.0,
        "std": 0.0,
        "min": 0.0,
        "max": 0.0,
        "p50": 0.0,
        "p95": 0.0,
        "p99": 0.0,
        "count": 10
      },
      "total_allocs": {
        "mean": 9847.5,
        "std": 0.5270462766947299,
        "min": 9847,
        "max": 9848,
        "p50": 9847.5,
        "p95": 9848.0,
        "p99": 9848.0,
        "count": 10
      },
      "sampled_allocs": {
        "mean": 305.5,
        "std": 7.905694150420948,
        "min": 298,
        "max": 313,
        "p50": 305.5,
        "p95": 313.0,
        "p99": 313.0,
        "count": 10
      },
      "runs": 10
    },
    "HEADER_PAGE_HASH": {
      "sample_rate_allocs": {
        "mean": 0.0,
        "std": 0.0,
        "min": 0.0,
        "max": 0.0,
        "p50": 0.0,
        "p95": 0.0,
        "p99": 0.0,
        "count": 10
      },
      "sample_rate_bytes": {
        "mean": 0.0,
        "std": 0.0,
        "min": 0.0,
        "max": 0.0,
        "p50": 0.0,
        "p95": 0.0,
        "p99": 0.0,
        "count": 10
      },
      "dead_zone_rate": {
        "mean": 1.0,
        "std": 0.0,
        "min": 1.0,
        "max": 1.0,
        "p50": 1.0,
        "p95": 1.0,
        "p99": 1.0,
        "count": 10
      },
      "total_allocs": {
        "mean": 9847.5,
        "std": 0.5270462766947299,
        "min": 9847,
        "max": 9848,
        "p50": 9847.5,
        "p95": 9848.0,
        "p99": 9848.0,
        "count": 10
      },
      "sampled_allocs": {
        "mean": 0,
        "std": 0.0,
        "min": 0,
        "max": 0,
        "p50": 0.0,
        "p95": 0.0,
        "p99": 0.0,
        "count": 10
      },
      "runs": 10,
      "approx_unique_pages": {
        "mean": 10,
        "std": 0.0,
        "min": 10,
        "max": 10,
        "p50": 10.0,
        "p95": 10.0,
        "p99": 10.0,
        "count": 10
      },
      "approx_sampled_pages": {
        "mean": 0,
        "std": 0.0,
        "min": 0,
        "max": 0,
        "p50": 0.0,
        "p95": 0.0,
        "p99": 0.0,
        "count": 10
      },
      "page_coverage": {
        "mean": 0.0,
        "std": 0.0,
        "min": 0.0,
        "max": 0.0,
        "p50": 0.0,
        "p95": 0.0,
        "p99": 0.0,
        "count": 10
      }
    },
    "HEADER_HASH": {
      "sample_rate_allocs": {
        "mean": 0.0028129,
        "std": 0.0026247380165562344,
        "min": 0.0,
        "max": 0.008023,
        "p50": 0.0028434999999999997,
        "p95": 0.00902875,
        "p99": 0.010012150000000003,
        "count": 10
      },
      "sample_rate_bytes": {
        "mean": 0.0028104000000000002,
        "std": 0.0036277299973031803,
        "min": 0.0,
        "max": 0.011802,
        "p50": 0.001754,
        "p95": 0.01496595,
        "p99": 0.01805959,
        "count": 10
      },
      "dead_zone_rate": {
        "mean": 0.3,
        "std": 0.48304589153964794,
        "min": 0.0,
        "max": 1.0,
        "p50": 0.0,
        "p95": 1.0,
        "p99": 1.0,
        "count": 10
      },
      "total_allocs": {
        "mean": 9847.5,
        "std": 0.5270462766947299,
        "min": 9847,
        "max": 9848,
        "p50": 9847.5,
        "p95": 9848.0,
        "p99": 9848.0,
        "count": 10
      },
      "sampled_allocs": {
        "mean": 27.7,
        "std": 25.845910916644264,
        "min": 0,
        "max": 79,
        "p50": 28.0,
        "p95": 88.9,
        "p99": 98.58,
        "count": 10
      },
      "runs": 10
    }
  },
  "monotonic": {
    "HEADER_POISSON_BYTES": {
      "sample_rate_allocs": {
        "mean": 0.364904,
        "std": 0.005110240698832121,
        "min": 0.360056,
        "max": 0.369752,
        "p50": 0.364904,
        "p95": 0.36975199999999997,
        "p99": 0.3697519999999999,
        "count": 10
      },
      "sample_rate_bytes": {
        "mean": 0.4688725,
        "std": 0.006437870269826142,
        "min": 0.462765,
        "max": 0.47498,
        "p50": 0.4688725,
        "p95": 0.47498000000000007,
        "p99": 0.47497999999999996,
        "count": 10
      },
      "dead_zone_rate": {
        "mean": 0.0,
        "std": 0.0,
        "min": 0.0,
        "max": 0.0,
        "p50": 0.0,
        "p95": 0.0,
        "p99": 0.0,
        "count": 10
      },
      "total_allocs": {
        "mean": 10004,
        "std": 0.0,
        "min": 10004,
        "max": 10004,
        "p50": 10004.0,
        "p95": 10004.0,
        "p99": 10004.0,
        "count": 10
      },
      "sampled_allocs": {
        "mean": 3650.5,
        "std": 51.1234888393888,
        "min": 3602,
        "max": 3699,
        "p50": 3650.5,
        "p95": 3699.0,
        "p99": 3699.0,
        "count": 10
      },
      "runs": 10
    },
    "HEADER_HYBRID": {
      "sample_rate_allocs": {
        "mean": 0.004788,
        "std": 0.0006118278625016462,
        "min": 0.003898,
        "max": 0.005598,
        "p50": 0.0047480000000000005,
        "p95": 0.005598,
        "p99": 0.0055980000000000005,
        "count": 10
      },
      "sample_rate_bytes": {
        "mean": 0.0037889,
        "std": 0.0007936821992040222,
        "min": 0.002857,
        "max": 0.005049,
        "p50": 0.003491,
        "p95": 0.0051372,
        "p99": 0.005223439999999999,
        "count": 10
      },
      "dead_zone_rate": {
        "mean": 0.0,
        "std": 0.0,
        "min": 0.0,
        "max": 0.0,
        "p50": 0.0,
        "p95": 0.0,
        "p99": 0.0,
        "count": 10
      },
      "total_allocs": {
        "mean": 10004,
        "std": 0.0,
        "min": 10004,
        "max": 10004,
        "p50": 10004.0,
        "p95": 10004.0,
        "p99": 10004.0,
        "count": 10
      },
      "sampled_allocs": {
        "mean": 47.9,
        "std": 6.118278625016463,
        "min": 39,
        "max": 56,
        "p50": 47.5,
        "p95": 56.0,
        "p99": 56.0,
        "count": 10
      },
      "runs": 10
    },
    "HEADER_PAGE_HASH": {
      "sample_rate_allocs": {
        "mean": 0.0040183,
        "std": 0.0003702074643583873,
        "min": 0.003499,
        "max": 0.004698,
        "p50": 0.003998,
        "p95": 0.004878,
        "p99": 0.005054,